<application>
  <component name="com.intellij.ide.ui.customization.CustomActionsSchema">
    <group seperator="true" action_type="-1" position="0">
      <path value="root" />
      <path value="Touch Bar" />
      <path value="Default" />
      <path value="Default with Shift Key" />
      <option name="myInitialPosition" value="-1" />
    </group>
    <group value="Refactorings.QuickListPopupAction" is_action="true" action_type="1" position="0">
      <path value="root" />
      <path value="Touch Bar" />
      <path value="Default" />
      <path value="Default with Shift Key" />
      <option name="myInitialPosition" value="-1" />
    </group>
    <group value="FindUsages" is_action="true" action_type="1" position="1">
      <path value="root" />
      <path value="Touch Bar" />
      <path value="Default" />
      <path value="Default with Alt Key" />
      <option name="myInitialPosition" value="-1" />
    </group>
    <group value="RenameElement" is_action="true" action_type="1" position="1">
      <path value="root" />
      <path value="Touch Bar" />
      <path value="Default" />
      <path value="Default with Shift Key" />
      <option name="myInitialPosition" value="-1" />
    </group>
    <group value="ChangeSignature" is_action="true" action_type="1" position="2">
      <path value="root" />
      <path value="Touch Bar" />
      <path value="Default" />
      <path value="Default with Shift Key" />
      <option name="myInitialPosition" value="-1" />
    </group>
  </component>
</application>